{
  "name": "PathVariableHandlers",
  "keywords": "rest, http, path variable",
  "description": "Library for handling HTTP/REST paths containing variables",
  "repository":
  {
    "type": "git",
    "url": "https://github.com/sidoh/path_variable_handlers.git"
  },
  "authors":
  [
    {
      "name": "Chris Mullins",
      "email": "chris@sidoh.org",
      "url": "http://github.com/sidoh",
      "maintainer": true
    }
  ],
  "license": "MIT",
  "dependencies": { },
  "version": "1.1.0",
  "frameworks": "arduino",
  "platforms": [
    "espressif8266",
    "espressif32"
  ],
  "examples": "examples/*/*.ino",
  "exclude": [
    "platformio.ini",
    "test"
  ]
}
